text,label,hash
"Climate change is one of the most pressing issues facing our planet today. The Earth's average temperature has risen by about 1.1 degrees Celsius since the late 19th century, driven largely by increased carbon dioxide emissions from human activities. The burning of fossil fuels for electricity, heat, and transportation is the primary source of these emissions. As temperatures rise, we see more frequent and severe weather events, including hurricanes, droughts, and heatwaves. The polar ice caps are melting at an alarming rate, contributing to rising sea levels that threaten coastal communities worldwide. Additionally, changing climate patterns disrupt agricultural systems, leading to food insecurity in vulnerable regions. Addressing climate change requires a global effort to transition to renewable energy sources, improve energy efficiency, and protect natural carbon sinks like forests. Individual actions matter too — reducing waste, using public transportation, and supporting sustainable policies can collectively make a significant difference. The window for meaningful action is narrowing, making immediate and sustained efforts essential.",original,305c235127d579f6de343d439b5eff9d
"Artificial intelligence has transformed from a science fiction concept into a powerful technology that impacts nearly every aspect of modern life. Machine learning algorithms now power recommendation systems on streaming platforms, enable voice assistants in our homes, and detect fraudulent transactions in real-time. In healthcare, AI assists doctors in diagnosing diseases from medical images with remarkable accuracy. Self-driving cars use computer vision and neural networks to navigate complex traffic environments. However, this rapid advancement raises important ethical questions about job displacement, privacy, and algorithmic bias. As AI systems become more autonomous, ensuring they make fair and transparent decisions becomes critical. The development of artificial general intelligence remains a distant but intriguing goal. Researchers continue to push boundaries while policymakers struggle to keep pace with regulation. Education and public awareness about AI capabilities and limitations are essential for informed societal discourse. The future of AI will likely be defined by how well we balance innovation with responsibility.",original,8c4aa62562bf14f71fd515f09ce3c011
"The traditional education system has remained largely unchanged for over a century, yet the world around it has transformed dramatically. Classrooms still follow industrial-era models with standardized curricula, fixed schedules, and one-size-fits-all teaching approaches. While this system worked well for mass literacy, it struggles to develop the critical thinking and creativity needed in today's economy. Students often memorize information for exams rather than developing deep understanding. The rise of digital technology offers opportunities to personalize learning through adaptive platforms and online resources. However, simply adding computers to classrooms is not enough — pedagogical approaches must evolve too. Teachers need better training and support to facilitate student-centered learning. Assessment methods should measure skills like problem-solving and collaboration, not just factual recall. Furthermore, education must address emotional intelligence and mental health, which are increasingly important for well-being. Countries with successful education systems invest heavily in teacher quality and continuous improvement. Reforming education is complex but necessary for preparing future generations.",original,347b59b7a7c9a392a827779cb587064d
"Mental health has historically been stigmatized and overlooked in many societies, but awareness is finally growing. Conditions like depression and anxiety affect millions of people worldwide, yet many suffer in silence due to fear of judgment. The COVID-19 pandemic dramatically increased mental health challenges as isolation, uncertainty, and grief took their toll. Young people appear particularly vulnerable, with rising rates of self-harm and suicidal ideation reported globally. Access to mental health services remains inadequate, especially in low-income countries where there may be fewer than one psychiatrist per 100,000 people. Workplace stress and burnout have become epidemic in many industries, leading to decreased productivity and personal suffering. Social media presents a double-edged sword — connecting people while also promoting unrealistic comparisons and cyberbullying. Effective mental health care requires a combination of professional treatment, social support, and lifestyle interventions. Governments need to invest more in mental health infrastructure and integrate it into primary care. Reducing stigma through education and open conversation is perhaps the most important step.",original,4f3077dfa65e71da67051197506583ce
"Space exploration represents humanity's ultimate ambition to understand our place in the universe. From the first satellite Sputnik to the Apollo moon landings, each milestone has expanded our knowledge and inspired generations. The International Space Station demonstrates how nations can collaborate for scientific advancement despite political differences. Recent years have seen a new space race, but this time involving private companies like SpaceX and Blue Origin alongside government agencies. These commercial ventures are dramatically reducing launch costs and opening space to more participants. Mars colonization, once pure fantasy, is now seriously discussed with concrete mission plans. Asteroid mining could provide rare materials without Earth's environmental destruction. However, space exploration faces significant challenges including radiation exposure, psychological stress of long-duration missions, and the immense costs involved. The debris orbiting Earth poses a growing threat to satellites and astronauts. Ethical questions about planetary protection and space resource ownership remain unresolved. Despite these hurdles, the potential benefits for science, technology, and human inspiration make continued investment worthwhile.",original,96c3fa6fac48e6522c120022907a39f5
"Global warming stands as among the most critical challenges confronting Earth in modern times. Since the late 1800s, planetary temperatures have climbed approximately 1.1 degrees Celsius, primarily because human activities release greater amounts of carbon dioxide. Burning coal, oil, and natural gas for power generation, heating, and vehicles represents the main cause of these releases. Higher temperatures trigger increasingly common and intense natural disasters such as tropical storms, dry spells, and extreme heat. Polar glaciers are dissolving rapidly, causing ocean levels to rise and endanger seaside populations across the globe. Moreover, shifting weather patterns interfere with farming operations, creating hunger risks in susceptible areas. Tackling this environmental crisis demands worldwide cooperation to adopt clean power alternatives, enhance energy conservation, and safeguard natural environments that absorb carbon. Personal choices also contribute — cutting waste, choosing buses and trains, and backing eco-friendly regulations together create substantial impact. The opportunity for effective intervention is closing, requiring urgent and persistent action.",paraphrased,f03888c5fbb01f605fcaa85ec2810e69
"What once existed only in science fiction has become a transformative force shaping contemporary existence. Neural networks and learning algorithms currently drive suggestions on entertainment platforms, activate household voice controls, and identify suspicious banking activities instantly. Medical professionals now leverage AI to recognize illnesses from scans and tests with impressive precision. Autonomous vehicles employ visual recognition and deep learning to maneuver through complicated road situations. Nevertheless, swift progress brings significant moral concerns regarding employment loss, data privacy, and prejudiced algorithms. As automated systems gain independence, guaranteeing equitable and explainable choices grows increasingly vital. The pursuit of machines matching human cognitive abilities remains ambitious yet fascinating. Scientists persist in extending possibilities while lawmakers find difficulty maintaining regulatory frameworks. Teaching communities about what AI can and cannot accomplish supports meaningful public discussion. Ultimately, progress in this field depends on striking equilibrium between creative breakthroughs and ethical accountability.",paraphrased,7905eeef70582e1a6a8720eb22834db9
"For more than a hundred years, conventional schooling has stayed fundamentally similar despite massive external changes. Learning environments continue using factory-inspired frameworks featuring uniform lesson plans, rigid timetables, and identical instructional methods for everyone. Although effective historically for widespread literacy development, this approach falters in cultivating analytical abilities and imagination demanded by contemporary markets. Pupils frequently commit facts to memory for testing instead of building genuine comprehension. Digital innovations present chances to customize education via intelligent software and internet materials. Yet merely introducing devices into lecture halls proves insufficient — teaching philosophies must advance simultaneously. Educators require enhanced preparation and assistance to promote learner-focused instruction. Evaluation techniques ought to gauge competencies including critical analysis and teamwork, beyond simple information retention. Additionally, schooling should incorporate emotional awareness and psychological wellness, growing priorities for personal welfare. Nations excelling academically dedicate substantial resources to instructor excellence and ongoing enhancement. Transforming education presents difficulties yet proves indispensable for equipping upcoming generations.",paraphrased,62848ddb0bbd58b826e856eb71f7dd56
"Throughout history, psychological wellbeing has often faced discrimination and neglect across numerous cultures, though consciousness is gradually improving. Disorders including melancholia and nervousness impact countless individuals globally, yet numerous victims endure quietly dreading criticism. The coronavirus outbreak substantially worsened psychological difficulties as separation, unpredictability, and bereavement inflicted heavy damage. Adolescents seem especially at risk, with escalating instances of self-injury and suicidal thoughts documented internationally. Availability of psychiatric assistance stays insufficient, particularly in impoverished regions potentially hosting under one specialist per hundred thousand residents. Professional exhaustion and occupational tension have reached epidemic proportions across various sectors, producing diminished output and individual anguish. Online networking offers conflicting effects — linking individuals while simultaneously encouraging impossible standards and digital harassment. Successful psychological treatment necessitates blending expert intervention, community backing, and healthy living modifications. Authorities must allocate greater funding toward mental wellness facilities and incorporate services into basic medical care. Perhaps the crucial measure involves diminishing prejudice through awareness campaigns and candid dialogue.",paraphrased,f2c8557fd7e8151386ee1cac9f79d632
"Investigating outer space embodies humankind's deepest desire to comprehend our cosmic position. Beginning with Sputnik's launch through lunar expeditions, every achievement has broadened understanding and motivated successive generations. The orbital research laboratory illustrates international partnership for scientific progress transcending geopolitical tensions. Recent decades witnessed renewed competitive exploration, though now incorporating private enterprises such as SpaceX and Blue Origin together with governmental organizations. These commercial operations substantially decrease deployment expenses and democratize access beyond traditional participants. Establishing permanent settlements on Mars, previously unimaginable, now features concrete mission blueprints. Extracting resources from asteroids might supply scarce elements without damaging terrestrial ecosystems. However, cosmic voyaging encounters formidable obstacles including cosmic radiation, psychological pressures from extended journeys, and prohibitive financial requirements. Orbital debris accumulation threatens satellite functionality and astronaut security. Moral dilemmas concerning planetary preservation and extraterrestrial property rights await resolution. Notwithstanding these barriers, prospective advantages for scientific discovery, technological innovation, and human motivation justify sustained commitment.",paraphrased,37baf25c62aa22bcf51fcde9076a4033
"The phenomenon of anthropogenic climate change represents one of the most significant existential threats confronting contemporary civilization. Empirical evidence derived from ice core samples, satellite telemetry, and atmospheric monitoring stations conclusively demonstrates that global mean surface temperatures have increased by approximately 1.1°C since the pre-industrial epoch. This thermal perturbation is predominantly attributable to the combustion of fossil hydrocarbons, which releases carbonaceous greenhouse gases into the troposphere. The thermodynamic consequences include intensification of the hydrological cycle, manifested through increased frequency of extreme precipitation events and prolonged meteorological droughts. Cryospheric degradation, particularly in the Arctic and Antarctic regions, contributes to eustatic sea-level rise that imperils low-lying coastal agglomerations. Furthermore, phenological shifts disrupt established agricultural calendars, compromising food security in climatically vulnerable regions. Mitigation strategies necessitate decarbonization of the energy sector through deployment of photovoltaic, wind, and geothermal technologies. Additionally, implementation of circular economy principles and afforestation initiatives can enhance terrestrial carbon sequestration capacity. The temporal window for effective intervention is contracting, necessitating immediate implementation of comprehensive policy frameworks at both national and supranational levels.",ai_generated,ab4266656c22274fd2543dabefcdb1fe
"The paradigm shift engendered by artificial intelligence technologies has fundamentally restructured the operational architecture of modern industrial and service sectors. Deep learning architectures, particularly transformer-based models and convolutional neural networks, have demonstrated superhuman performance in domains including natural language processing, computer vision, and strategic game-playing. These computational systems leverage massive training corpora and high-dimensional parameter spaces to identify latent patterns within complex datasets. In the healthcare domain, FDA-approved algorithms now assist radiologists in detecting malignant neoplasms from medical imaging with diagnostic accuracy exceeding 95%. Autonomous navigation systems employ simultaneous localization and mapping (SLAM) algorithms fused with LiDAR sensory inputs to achieve Level 4 driving automation. However, the proliferation of AI systems raises profound epistemological and ethical concerns regarding algorithmic opacity, distributive fairness, and labor market dislocation. The alignment problem—ensuring that advanced AI systems pursue objectives consistent with human values—remains an unsolved research challenge. Regulatory frameworks, including the European Union's AI Act, attempt to establish risk-based governance structures. The trajectory of AI development will likely be determined by the successful integration of technical innovation with robust ethical oversight mechanisms.",ai_generated,d76b2bd6fa31a7822b6f55ae47d1af82
"The institutional framework of mass education, originally conceived during the industrial revolution to produce standardized human capital for factory-based production systems, has demonstrated remarkable institutional persistence despite fundamental transformations in the socioeconomic environment. Contemporary pedagogical research indicates that the transmission model of instruction, characterized by unidirectional knowledge dissemination from instructor to passive recipient, fails to develop the higher-order cognitive competencies—including critical thinking, creative problem-solving, and collaborative capacity—demanded by knowledge-based economies. The integration of educational technology, while potentially transformative, frequently manifests as superficial digitization rather than substantive pedagogical innovation. Effective technology-enhanced learning requires alignment with constructivist epistemologies that position the learner as an active agent in knowledge construction. Assessment methodologies must evolve beyond psychometric instruments focused on declarative knowledge retrieval toward authentic performance-based evaluations that capture complex skill acquisition. Additionally, the socioemotional dimensions of learning, including self-regulation, resilience, and interpersonal competence, warrant explicit curricular attention. Comparative educational research consistently identifies teacher quality as the most significant in-school determinant of student outcomes, underscoring the imperative for sustained professional development and competitive compensation structures.",ai_generated,f19879ea523c430bbf1ef0dc7bb030da
"The global burden of mental disorders constitutes a substantial and frequently underestimated component of worldwide disease burden, with the World Health Organization estimating that approximately 280 million individuals experience depressive episodes annually. Despite increasing neuroscientific understanding of the biological substrates underlying conditions such as major depressive disorder, generalized anxiety disorder, and bipolar spectrum conditions, substantial treatment gaps persist, particularly in low- and middle-income countries where mental health expenditure averages less than 2% of total health budgets. The COVID-19 pandemic functioned as a syndemic accelerator, exacerbating pre-existing psychological vulnerabilities through mechanisms including social isolation, economic precarity, and bereavement-related trauma. Epidemiological surveillance data indicate disproportionate impacts on adolescent and young adult populations, with emergency department presentations for self-harm increasing by 25-50% across multiple jurisdictions. Digital mental health interventions, including cognitive behavioral therapy applications and telepsychiatry platforms, demonstrate promising efficacy in increasing treatment accessibility, though concerns regarding data privacy and clinical oversight remain. Workplace mental health initiatives, encompassing stress management training and organizational culture modification, represent important tertiary prevention strategies. Destigmatization efforts must address both public attitudes and structural discrimination within healthcare reimbursement systems.",ai_generated,9a6c8e8c87df690f0113f4e1f22a59e4
"The extraterrestrial expansion of human civilization represents the culmination of evolutionary and technological processes that have progressively extended the species' ecological niche from terrestrial savannas to the cosmic environment. The contemporary space sector is characterized by a bifurcated architecture comprising established governmental space agencies—principally NASA, ESA, ROSCOSMOS, and CNSA—and emergent commercial entities including Space Exploration Technologies Corporation and Blue Origin LLC. This public-private partnership model has achieved remarkable reductions in launch costs, with Falcon 9 reusable first-stage technology decreasing per-kilogram payload expenses by approximately 80% relative to expendable launch vehicles. Strategic objectives for the coming decades include the Artemis program's lunar surface operations, SpaceX's Starship-based Mars colonization architecture, and prospective asteroid resource extraction utilizing in-situ resource utilization (ISRU) methodologies. However, the space environment presents formidable physiological and engineering challenges, including galactic cosmic radiation exposure exceeding 1 Sievert during trans-Mars transit, microgravity-induced musculoskeletal degradation, and the psychological stressors associated with extreme isolation and confinement. The orbital debris population, currently exceeding 34,000 trackable objects, poses collision risks that may trigger Kessler Syndrome cascade events. International space law, predicated on the 1967 Outer Space Treaty, requires substantial updating to address commercial resource extraction rights and planetary protection protocols.",ai_generated,6d6576c08b204f9d0d0c60b64e237ad3
